"source_title","sample_id","geo_status","phenotype_status","status_conflict","phenotype_available","metabolite_available"
"9497_BRD","R9497","BRD","BRD",FALSE,TRUE,TRUE
"5969_BRD","R5969","BRD","BRD",FALSE,TRUE,TRUE
"5327_BRD","R5327","BRD","BRD",FALSE,TRUE,TRUE
"5979_BRD","R5979","BRD","BRD",FALSE,TRUE,TRUE
"9504_BRD","R9504","BRD","BRD",FALSE,TRUE,TRUE
"5994_BRD","R5994","BRD","BRD",FALSE,TRUE,TRUE
"9499_BRD","R9499","BRD","BRD",FALSE,TRUE,TRUE
"9627_BRD","R9627","BRD","BRD",FALSE,TRUE,TRUE
"9836_BRD","R9836","BRD","BRD",FALSE,TRUE,TRUE
"5321_BRD","R5321","BRD","BRD",FALSE,TRUE,TRUE
"5972_BRD","R5972","BRD","BRD",FALSE,TRUE,TRUE
"9556_BRD","R9556","BRD","BRD",FALSE,TRUE,TRUE
"9986_BRD","R9986","BRD","BRD",FALSE,TRUE,TRUE
"9830_BRD","R9830","BRD","BRD",FALSE,TRUE,TRUE
"9877_BRD","R9877","BRD","BRD",FALSE,TRUE,TRUE
"9332_BRD","R9332","BRD","BRD",FALSE,TRUE,TRUE
"5913_BRD","R5913","BRD","BRD",FALSE,TRUE,TRUE
"5696_BRD","R5696","BRD","BRD",FALSE,TRUE,TRUE
"5242_BRD","R5242","BRD","BRD",FALSE,TRUE,TRUE
"5725_BRD","R5725","BRD","BRD",FALSE,TRUE,TRUE
"5080_BRD","R5080","BRD","BRD",FALSE,TRUE,TRUE
"9900_BRD","R9900","BRD","BRD",FALSE,TRUE,TRUE
"9777_BRD","R9777","BRD","BRD",FALSE,TRUE,TRUE
"9887_BRD","R9887","BRD","BRD",FALSE,TRUE,TRUE
"9436_NB","R9436","Control","Control",FALSE,TRUE,TRUE
"9518_NB","R9518","Control",,FALSE,FALSE,FALSE
"5700_BRD","R5700","BRD","BRD",FALSE,TRUE,TRUE
"9535_NB","R9535","Control","Control",FALSE,TRUE,TRUE
"9819_NB","R9819","Control","Control",FALSE,TRUE,TRUE
"9909_NB","R9909","Control",,FALSE,FALSE,FALSE
"9313_NB","R9313","Control","Control",FALSE,TRUE,TRUE
"5764_NB","R5764","Control","Control",FALSE,TRUE,TRUE
"5921_NB","R5921","Control","Control",FALSE,TRUE,TRUE
"5291_NB","R5291","Control","Control",FALSE,TRUE,TRUE
"9362_NB","R9362","Control","Control",FALSE,TRUE,TRUE
"9357_NB","R9357","Control","Control",FALSE,TRUE,TRUE
"5644_NB","R5644","Control","Control",FALSE,TRUE,TRUE
"5564_NB","R5564","Control","Control",FALSE,TRUE,TRUE
"5783_NB","R5783","Control","Control",FALSE,TRUE,TRUE
"5638_NB","R5638","Control","Control",FALSE,TRUE,TRUE
"U6325_NB","U6325","BRD","Control",TRUE,TRUE,TRUE
"U6450_NB","U6450","BRD","Control",TRUE,TRUE,TRUE
"U6623_NB","U6623","BRD","Control",TRUE,TRUE,TRUE
"Y3551_NB","Y3551","BRD","Control",TRUE,TRUE,TRUE
"5452_NB","R5452","Control","Control",FALSE,TRUE,TRUE
"5528_NB","R5528","Control","Control",FALSE,TRUE,TRUE
"5697_NB","R5697","Control","Control",FALSE,TRUE,TRUE
"G1979","G1979","BRD","BRD",FALSE,TRUE,TRUE
"G2500","G2500","BRD","BRD",FALSE,TRUE,TRUE
"G3030","G3030","BRD","BRD",FALSE,TRUE,TRUE
"G3068","G3068","BRD","BRD",FALSE,TRUE,TRUE
"G3121","G3121","BRD","BRD",FALSE,TRUE,TRUE
"G3315","G3315","Control","Control",FALSE,TRUE,TRUE
"G3473","G3473","Control","Control",FALSE,TRUE,TRUE
"G3474","G3474","Control","Control",FALSE,TRUE,TRUE
"G3550","G3550","BRD","BRD",FALSE,TRUE,TRUE
"G3594","G3594","Control","Control",FALSE,TRUE,TRUE
"G3614","G3614","BRD","BRD",FALSE,TRUE,TRUE
"G3630","G3630","BRD","BRD",FALSE,TRUE,TRUE
"G3635","G3635","BRD","BRD",FALSE,TRUE,TRUE
"G3723","G3723","Control","Control",FALSE,TRUE,TRUE
"G3742","G3742","Control","Control",FALSE,TRUE,TRUE
"G3754","G3754","BRD","BRD",FALSE,TRUE,TRUE
"O2608","O2608","BRD","BRD",FALSE,TRUE,TRUE
"O3720","O3720","BRD","BRD",FALSE,TRUE,TRUE
"O4328","O4328","BRD","BRD",FALSE,TRUE,TRUE
"O4349","O4349","BRD","BRD",FALSE,TRUE,TRUE
"O4474","O4474","BRD","BRD",FALSE,TRUE,TRUE
"O4638","O4638","BRD","BRD",FALSE,TRUE,TRUE
"O4713","O4713","BRD","BRD",FALSE,TRUE,TRUE
"O4875","O4875","Control","Control",FALSE,TRUE,TRUE
"O4906","O4906","Control","Control",FALSE,TRUE,TRUE
"O4919","O4919","BRD","BRD",FALSE,TRUE,TRUE
"O4946","O4946","Control","Control",FALSE,TRUE,TRUE
"O4492","O4492","BRD","BRD",FALSE,TRUE,TRUE
"O5003","O5003","BRD","BRD",FALSE,TRUE,TRUE
"O5074","O5074","Control","Control",FALSE,TRUE,TRUE
"O5076","O5076","BRD","BRD",FALSE,TRUE,TRUE
"O5084","O5084","Control","Control",FALSE,TRUE,TRUE
"O5096","O5096","BRD","BRD",FALSE,TRUE,TRUE
"O5108","O5108","BRD","BRD",FALSE,TRUE,TRUE
"O5245","O5245","BRD","BRD",FALSE,TRUE,TRUE
"P4467","P4467","Control","Control",FALSE,TRUE,TRUE
"P4475","P4475","Control","Control",FALSE,TRUE,TRUE
"P4492","P4492","Control","Control",FALSE,TRUE,TRUE
"P4647","P4687","Control","Control",FALSE,TRUE,FALSE
"P4666","P4666","BRD","BRD",FALSE,TRUE,TRUE
"P4669","P4669","BRD","BRD",FALSE,TRUE,TRUE
"P4693","P4693","BRD","BRD",FALSE,TRUE,TRUE
"P4735","P4735","BRD","BRD",FALSE,TRUE,TRUE
"P4744","P4744","BRD",,FALSE,FALSE,TRUE
"P4746","P4746","Control","Control",FALSE,TRUE,TRUE
"P4772","P4772","Control",,FALSE,FALSE,TRUE
"R1008","R1008","BRD","BRD",FALSE,TRUE,TRUE
"R1011","R1011","Control","Control",FALSE,TRUE,TRUE
"R1091","R1091","Control","Control",FALSE,TRUE,TRUE
"R1027","R1027","Control","Control",FALSE,TRUE,TRUE
"R107","R107","Control","Control",FALSE,TRUE,TRUE
"R1111","R1111","BRD","BRD",FALSE,TRUE,TRUE
"R1122","R1122","Control","Control",FALSE,TRUE,TRUE
"R1156","R1156","BRD","BRD",FALSE,TRUE,TRUE
"R119","R119","BRD","BRD",FALSE,TRUE,TRUE
"R21","R21","Control","Control",FALSE,TRUE,TRUE
"R35","R35","BRD","BRD",FALSE,TRUE,TRUE
"R493","R493","BRD","BRD",FALSE,TRUE,TRUE
"R50","R50","BRD","BRD",FALSE,TRUE,TRUE
"R502","R502","Control","Control",FALSE,TRUE,TRUE
"R545","R545","Control","Control",FALSE,TRUE,TRUE
"R8788","R8788","BRD","BRD",FALSE,TRUE,TRUE
"R8953","R8953","Control",,FALSE,FALSE,TRUE
"R8966","R8966","BRD","BRD",FALSE,TRUE,TRUE
"R9265","R9265","Control","Control",FALSE,TRUE,TRUE
"R9489","R9489","BRD","BRD",FALSE,TRUE,TRUE
"R98","R98","Control","Control",FALSE,TRUE,TRUE
"U4915","U4915","BRD","BRD",FALSE,TRUE,TRUE
"U5080","U5080","Control","Control",FALSE,TRUE,TRUE
"U5250","U5250","Control","Control",FALSE,TRUE,TRUE
"U5378","U5378","Control","Control",FALSE,TRUE,TRUE
"U5416","U5416","Control",,FALSE,FALSE,TRUE
"U5420","U5420","Control","Control",FALSE,TRUE,TRUE
"U5452","U5452","Control","Control",FALSE,TRUE,TRUE
"U5476","U5476","Control","Control",FALSE,TRUE,TRUE
"U5523","U5523","Control","Control",FALSE,TRUE,TRUE
"U5669","U5669","BRD","BRD",FALSE,TRUE,TRUE
"U6679","U6679","BRD","BRD",FALSE,TRUE,TRUE
"U6792","U6792","BRD","BRD",FALSE,TRUE,TRUE
"U6879","U6879","BRD","BRD",FALSE,TRUE,TRUE
"U6892","U6892","BRD","BRD",FALSE,TRUE,TRUE
"U6921","U6921","BRD","BRD",FALSE,TRUE,TRUE
"U6974","U6974","BRD","BRD",FALSE,TRUE,TRUE
"W3169","W3169","BRD","BRD",FALSE,TRUE,TRUE
"Y2904","Y2904","BRD","BRD",FALSE,TRUE,TRUE
"Y2992","Y2992","Control","Control",FALSE,TRUE,TRUE
"Y3059","Y3059","BRD","BRD",FALSE,TRUE,TRUE
"Y3243","Y3243","Control","Control",FALSE,TRUE,TRUE
"Y3460","Y3460","Control","Control",FALSE,TRUE,TRUE
"Y3552","Y3552","BRD","BRD",FALSE,TRUE,TRUE
"Y3660","Y3660","Control","Control",FALSE,TRUE,TRUE
"Y3735","Y3735","BRD","BRD",FALSE,TRUE,TRUE
"Y9682","Y9682","BRD","BRD",FALSE,TRUE,TRUE
"Y9745","Y9745","BRD","BRD",FALSE,TRUE,TRUE
"Y9747","Y9747","Control","Control",FALSE,TRUE,TRUE
"Y9816","Y9816","BRD","BRD",FALSE,TRUE,FALSE
