"file","md5"
"UbiLength.rda","c3a15d1eb709121b5fbe591ab6a441a8"
"UbiLength_ExpDesign.rda","1302a45ae3cce9fd1a840960cc031a38"
"cattle_metadata.tsv","a3c5a74a5f27d62e95596ff3775c7650"
"cattle_metabolites.tsv","d522f3f4ccc22fd3728ab7c1f06cfc76"
"cattle_metadata_original.xlsx","25dda6d9cc4e405caaa871548430660f"
"cattle_metabolites_original.xlsx","280c6fe6c8e0b1fd7a44c4d347839544"
"cattle_counts.csv.gz","fa07b2d9c744e55692917bcbef63ab92"
"cattle_series1.txt.gz","7ac7d0182328e417aa7aa6f200ee6a08"
"cattle_series2.txt.gz","bc56feb5bd62007afb1892a80f148724"
