"sample_id","status","feedlot","sex","rna_batch","day_on_feed","breed1","breed2","breed3"
"R21","Control","F1","female","B2",31,0.007853,0.820691,0.171456
"Y3660","Control","F1","male","B2",19,0.85222,0.093585,0.054195
"Y3243","Control","F1","male","B2",16,0.044171,0.190262,0.765567
"R5764","Control","F2","male","B1",46,0.213094,0.676299,0.110607
"P4669","BRD","F3","male","B2",35,0.389393,0.503471,0.107136
"R5452","Control","F2","male","B1",49,0.265998,0.733992,1e-05
"R545","Control","F1","female","B2",21,0.457354,0.481848,0.060798
"Y3551","Control","F1","male","B1",16,0.635083,0.194424,0.170493
"G3473","Control","F2","female","B2",37,0.757534,0.178733,0.063733
"G3474","Control","F2","female","B2",37,0.291464,0.262593,0.445943
"G3315","Control","F2","female","B2",40,0.305425,0.57952,0.115055
"G3594","Control","F2","female","B2",32,0.098287,0.047277,0.854436
"G3742","Control","F2","female","B2",23,0.301312,0.698678,1e-05
"R9535","Control","F2","male","B1",38,0.354367,0.033276,0.612357
"R5528","Control","F2","male","B1",48,0.247752,0.658215,0.094033
"R9332","BRD","F2","male","B1",34,1e-05,0.99998,1e-05
"Y3460","Control","F1","male","B2",16,0.083984,0.819573,0.096443
"U6450","Control","F4","male","B1",28,0.39909,0.4946,0.10631
"R502","Control","F1","female","B2",22,0.95166,1e-05,0.04833
"R9362","Control","F2","male","B1",42,0.028052,0.961311,0.010637
"O5074","Control","F4","female","B2",22,0.656355,0.232239,0.111406
"R107","Control","F1","female","B2",27,0.647609,0.302055,0.050336
"O4946","Control","F4","female","B2",24,0.699435,0.185509,0.115056
"U5420","Control","F4","male","B2",48,0.880573,1e-05,0.119417
"U5452","Control","F4","male","B2",53,0.694148,0.272516,0.033336
"U5523","Control","F4","male","B2",45,0.188803,0.811187,1e-05
"O4875","Control","F4","female","B2",24,1e-05,1e-05,0.99998
"U5250","Control","F4","male","B2",50,1e-05,0.99998,1e-05
"U6325","Control","F4","male","B1",32,0.680055,0.25491,0.065035
"U6623","Control","F4","male","B1",28,0.177807,0.800044,0.022149
"U5476","Control","F4","male","B2",46,0.397085,0.517139,0.085776
"U5378","Control","F4","male","B2",54,0.974248,1e-05,0.025742
"O5084","Control","F4","female","B2",22,0.953582,0.016697,0.02972
"U5080","Control","F4","male","B2",50,0.328481,0.424375,0.247144
"Y3005","Control","F2","male","B1",23,0.874385,0.091683,0.033932
"Y2992","Control","F1","male","B2",15,0.277135,0.581565,0.1413
"R1091","Control","F3","female","B2",53,0.039747,0.960243,1e-05
"R9819","Control","F2","male","B1",36,0.63616,0.352362,0.011478
"R5644","Control","F2","male","B1",49,1e-05,1e-05,0.99998
"R5783","Control","F2","male","B1",49,0.245997,0.753993,1e-05
"R9436","Control","F2","male","B1",45,0.013935,0.986055,1e-05
"P4475","Control","F3","male","B2",50,0.511822,0.14839,0.339788
"G3723","Control","F2","female","B2",26,1e-05,0.766748,0.233242
"R1122","Control","F3","female","B2",53,0.202142,0.758591,0.039267
"R5697","Control","F2","male","B1",49,0.009627,0.087275,0.903098
"P4467","Control","F3","male","B2",50,0.032232,0.50551,0.462259
"R9313","Control","F2","male","B1",48,0.392819,0.450694,0.156487
"R5564","Control","F2","male","B1",51,0.85034,0.100644,0.049017
"R5921","Control","F2","male","B1",48,0.127835,0.793084,0.079082
"R5291","Control","F2","male","B1",57,0.871561,0.098277,0.030162
"O4492","BRD","F4","female","B2",15,0.145692,0.309301,0.545007
"R5638","Control","F2","male","B1",50,0.232579,0.726539,0.040882
"R1011","Control","F3","female","B2",60,0.163427,0.577954,0.258619
"P4687","Control","F3","male","B2",47,0.252774,0.436325,0.310902
"R98","Control","F1","female","B2",46,0.004937,0.125915,0.869148
"R9265","Control","F2","male","B2",48,0.398471,0.47474,0.126789
"Y9747","Control","F3","male","B2",60,0.058398,0.902334,0.039268
"R1027","Control","F3","female","B2",60,0.187258,0.47019,0.342552
"P4746","Control","F3","male","B2",46,0.246872,0.362762,0.390366
"R9357","Control","F2","male","B1",45,0.141746,0.707245,0.151009
"U6792","BRD","F4","male","B2",28,0.677688,0.174058,0.148255
"O2608","BRD","F4","female","B2",54,1e-05,1e-05,0.99998
"U5669","BRD","F4","male","B2",44,0.45924,0.534601,0.006159
"R35","BRD","F1","female","B2",24,1e-05,1e-05,0.99998
"R5327","BRD","F2","male","B1",38,0.14073,0.809396,0.049874
"R9777","BRD","F2","male","B1",17,0.417045,0.537527,0.045428
"R9887","BRD","F2","male","B1",14,1e-05,1e-05,0.99998
"R5913","BRD","F2","male","B1",18,0.174709,0.091925,0.733366
"R5969","BRD","F2","male","B1",24,0.110663,0.625823,0.263514
"R9497","BRD","F2","male","B1",35,0.153716,0.744505,0.101779
"R9489","BRD","F1","female","B2",32,0.050555,0.020515,0.928929
"G3630","BRD","F2","female","B2",10,1e-05,1e-05,0.99998
"G1979","BRD","F2","female","B2",56,0.8869,0.057141,0.055959
"G2500","BRD","F2","female","B2",49,0.713105,0.264258,0.022637
"R8788","BRD","F1","female","B2",20,1e-05,1e-05,0.99998
"R119","BRD","F1","female","B2",18,0.195095,0.00355,0.801355
"R1008","BRD","F3","female","B2",49,0.2751,0.543733,0.181167
"R5725","BRD","F2","male","B1",31,0.040135,0.82318,0.136685
"G3030","BRD","F2","female","B2",26,0.079023,0.920967,1e-05
"G3635","BRD","F2","female","B2",11,0.722462,0.198872,0.078666
"G3754","BRD","F2","female","B2",18,0.686823,0.17239,0.140787
"R5321","BRD","F2","male","B1",32,0.013339,0.953433,0.033228
"R5696","BRD","F2","male","B1",31,0.177207,0.252175,0.570617
"R9836","BRD","F2","male","B1",13,0.95961,0.00401,0.036381
"Y9816","BRD","F3","male","B2",47,0.920942,0.016841,0.062216
"U6974","BRD","F4","male","B2",14,0.048434,1e-05,0.951556
"O5003","BRD","F4","female","B2",11,0.207406,0.772669,0.019925
"Y9745","BRD","F3","male","B2",47,0.65957,0.312302,0.028128
"Y3552","BRD","F1","male","B2",23,0.818476,0.133968,0.047556
"R9877","BRD","F2","male","B1",19,0.192733,0.760589,0.046678
"O4474","BRD","F4","female","B2",14,0.263669,0.670016,0.066315
"R8966","BRD","F1","female","B2",20,1e-05,1e-05,0.99998
"O4919","BRD","F4","female","B2",11,0.907325,0.056787,0.035888
"Y3735","BRD","F1","male","B2",19,0.074063,1e-05,0.925927
"Y2904","BRD","F1","male","B2",19,8.2e-05,1e-05,0.999908
"R5700","BRD","F2","male","B1",21,1e-05,1e-05,0.99998
"R5979","BRD","F2","male","B1",30,0.286733,0.107794,0.605473
"P4693","BRD","F3","male","B2",35,0.398342,0.474765,0.126893
"P4666","BRD","F3","male","B2",35,0.166873,0.681128,0.151999
"G3550","BRD","F2","female","B2",23,0.855834,0.07614,0.068027
"R9986","BRD","F2","male","B1",13,0.021311,0.034623,0.944066
"R5994","BRD","F2","male","B1",24,0.129271,0.034351,0.836377
"R50","BRD","F1","female","B2",28,0.199623,0.023538,0.776839
"G3614","BRD","F2","female","B2",22,0.550201,0.137406,0.312393
"R5242","BRD","F2","male","B1",40,0.442408,0.427245,0.130347
"O4349","BRD","F4","female","B2",27,0.728814,0.165738,0.105448
"U4915","BRD","F4","male","B2",55,0.99998,1e-05,1e-05
"R493","BRD","F1","female","B2",22,0.207366,0.052533,0.740102
"O4638","BRD","F4","female","B2",13,0.821163,0.115987,0.06285
"O3720","BRD","F4","female","B2",39,0.328357,0.514414,0.157229
"O4906","Control","F4","female","B2",25,0.887487,0.066414,0.046099
"U6921","BRD","F4","male","B2",23,0.259583,0.525479,0.214938
"G3121","BRD","F2","female","B2",26,0.389157,0.576557,0.034285
"Y9682","BRD","F3","male","B2",48,0.569208,0.327002,0.10379
"R9504","BRD","F2","male","B1",31,1e-05,0.998913,0.001077
"R9499","BRD","F2","male","B1",26,0.197936,0.172166,0.629898
"R1156","BRD","F1","female","B2",14,0.094253,0.796523,0.109224
"W3169","BRD","F3","female","B2",33,0.244848,0.633222,0.12193
"R5080","BRD","F2","male","B1",29,0.010238,0.989752,1e-05
"R9900","BRD","F2","male","B1",16,0.817647,0.076881,0.105472
"Y3059","BRD","F1","male","B2",12,0.288683,0.559001,0.152315
"R5972","BRD","F2","male","B1",30,0.85532,0.092604,0.052077
"O4713","BRD","F4","female","B2",20,0.009972,1e-05,0.990018
"G3068","BRD","F2","female","B2",32,0.135811,1e-05,0.864179
"R9830","BRD","F2","male","B1",19,0.241963,0.390278,0.367759
"R9556","BRD","F2","male","B1",31,0.127013,0.82267,0.050318
"R9627","BRD","F2","male","B1",18,0.999485,0.000505,1e-05
"P4735","BRD","F3","male","B2",47,0.216304,0.408175,0.37552
"U6879","BRD","F4","male","B2",16,0.370503,0.44015,0.189348
"R1111","BRD","F3","female","B2",51,1e-05,0.728367,0.271623
"U6892","BRD","F4","male","B2",15,0.048812,0.110409,0.840779
"O4328","BRD","F4","female","B2",23,0.001541,1e-05,0.998449
"P4492","Control","F3","male","B2",50,0.052407,0.427662,0.519931
"O5096","BRD","F4","female","B2",12,0.021849,1e-05,0.978141
"U6679","BRD","F4","male","B2",17,0.187151,0.812839,1e-05
"O5245","BRD","F4","female","B2",7,0.108729,1e-05,0.891261
"O5076","BRD","F4","female","B2",11,0.341252,0.608248,0.050501
"O5108","BRD","F4","female","B2",13,1e-05,0.065019,0.934971
