"sample_id","source_title","library_total"
"R9497","9497_BRD",22241264
"R5969","5969_BRD",19889475
"R5327","5327_BRD",25851008
"R5979","5979_BRD",21732134
"R9504","9504_BRD",20277216
"R5994","5994_BRD",21924077
"R9499","9499_BRD",28159539
"R9627","9627_BRD",26174364
"R9836","9836_BRD",22276827
"R5321","5321_BRD",23565769
"R5972","5972_BRD",19201688
"R9556","9556_BRD",20646373
"R9986","9986_BRD",22507427
"R9830","9830_BRD",23694065
"R9877","9877_BRD",25067048
"R9332","9332_BRD",28242053
"R5913","5913_BRD",23293946
"R5696","5696_BRD",23316029
"R5242","5242_BRD",23080087
"R5725","5725_BRD",24334112
"R5080","5080_BRD",24658788
"R9900","9900_BRD",19374168
"R9777","9777_BRD",21002016
"R9887","9887_BRD",21720257
"R9436","9436_NB",27545286
"R9518","9518_NB",23890695
"R5700","5700_BRD",21248780
"R9535","9535_NB",24090498
"R9819","9819_NB",24348766
"R9909","9909_NB",24040037
"R9313","9313_NB",23892009
"R5764","5764_NB",23731026
"R5921","5921_NB",22275380
"R5291","5291_NB",19333101
"R9362","9362_NB",23967281
"R9357","9357_NB",23089422
"R5644","5644_NB",32470930
"R5564","5564_NB",26009944
"R5783","5783_NB",24433451
"R5638","5638_NB",27969451
"U6325","U6325_NB",32086071
"U6450","U6450_NB",22836864
"U6623","U6623_NB",24870154
"Y3551","Y3551_NB",25844784
"R5452","5452_NB",25625136
"R5528","5528_NB",20880560
"R5697","5697_NB",25795900
"G1979","G1979",35161559
"G2500","G2500",40697653
"G3030","G3030",35811837
"G3068","G3068",33816963
"G3121","G3121",35257076
"G3315","G3315",29022068
"G3473","G3473",33095287
"G3474","G3474",30433894
"G3550","G3550",38551174
"G3594","G3594",34042847
"G3614","G3614",27769090
"G3630","G3630",30715671
"G3635","G3635",28686642
"G3723","G3723",37908877
"G3742","G3742",39970162
"G3754","G3754",32366987
"O2608","O2608",27715661
"O3720","O3720",33439088
"O4328","O4328",31235527
"O4349","O4349",34674343
"O4474","O4474",29819610
"O4638","O4638",41161989
"O4713","O4713",32782922
"O4875","O4875",44622878
"O4906","O4906",35045276
"O4919","O4919",34521572
"O4946","O4946",31243589
"O4492","O4492",32029183
"O5003","O5003",34182984
"O5074","O5074",35024463
"O5076","O5076",26086340
"O5084","O5084",37968226
"O5096","O5096",25617427
"O5108","O5108",30659833
"O5245","O5245",30696477
"P4467","P4467",34662179
"P4475","P4475",34898530
"P4492","P4492",35427725
"P4687","P4647",34086845
"P4666","P4666",33816408
"P4669","P4669",35397014
"P4693","P4693",34124535
"P4735","P4735",39060783
"P4744","P4744",33057876
"P4746","P4746",37007710
"P4772","P4772",34945245
"R1008","R1008",32241674
"R1011","R1011",41317649
"R1091","R1091",30257999
"R1027","R1027",34147294
"R107","R107",28439943
"R1111","R1111",35478233
"R1122","R1122",39207064
"R1156","R1156",32972646
"R119","R119",33987906
"R21","R21",36546959
"R35","R35",29589501
"R493","R493",29631761
"R50","R50",33800251
"R502","R502",41308268
"R545","R545",33971793
"R8788","R8788",30257879
"R8953","R8953",37089179
"R8966","R8966",30629106
"R9265","R9265",32122156
"R9489","R9489",33115779
"R98","R98",34480970
"U4915","U4915",35033617
"U5080","U5080",32880236
"U5250","U5250",27853474
"U5378","U5378",37411774
"U5416","U5416",28713442
"U5420","U5420",29932113
"U5452","U5452",32089689
"U5476","U5476",33733746
"U5523","U5523",28022481
"U5669","U5669",27386280
"U6679","U6679",39696700
"U6792","U6792",35458696
"U6879","U6879",30949027
"U6892","U6892",30067473
"U6921","U6921",34198080
"U6974","U6974",38718949
"W3169","W3169",32279658
"Y2904","Y2904",30759404
"Y2992","Y2992",41753667
"Y3059","Y3059",37440081
"Y3243","Y3243",29479377
"Y3460","Y3460",33087565
"Y3552","Y3552",32206173
"Y3660","Y3660",37821338
"Y3735","Y3735",33216869
"Y9682","Y9682",33127733
"Y9745","Y9745",22334878
"Y9747","Y9747",30543712
"Y9816","Y9816",32412221
