"sample_id","phenotype_sex_code","metabolite_sex_code"
"R21",1,1
"Y3660",0,2
"Y3243",0,2
"R5764",0,2
"P4669",0,2
"R5452",0,2
"R545",1,1
"Y3551",0,2
"G3473",1,1
"G3474",1,1
"G3315",1,1
"G3594",1,1
"G3742",1,1
"R9535",0,2
"R5528",0,2
"R9332",0,2
"Y3460",0,2
"U6450",0,2
"R502",1,1
"R9362",0,2
"O5074",1,1
"R107",1,1
"O4946",1,1
"U5420",0,2
"U5452",0,2
"U5523",0,2
"O4875",1,1
"U5250",0,2
"U6325",0,2
"U6623",0,2
"U5476",0,2
"U5378",0,2
"O5084",1,1
"U5080",0,2
"Y3005",0,
"Y2992",0,2
"R1091",1,1
"R9819",0,2
"R5644",0,2
"R5783",0,2
"R9436",0,2
"P4475",0,2
"G3723",1,1
"R1122",1,1
"R5697",0,2
"P4467",0,2
"R9313",0,2
"R5564",0,2
"R5921",0,2
"R5291",0,2
"O4492",1,1
"R5638",0,2
"R1011",1,1
"P4687",0,
"R98",1,1
"R9265",0,2
"Y9747",0,2
"R1027",1,1
"P4746",0,2
"R9357",0,2
"U6792",0,2
"O2608",1,1
"U5669",0,2
"R35",1,1
"R5327",0,2
"R9777",0,2
"R9887",0,2
"R5913",0,2
"R5969",0,2
"R9497",0,2
"R9489",1,1
"G3630",1,1
"G1979",1,1
"G2500",1,1
"R8788",1,1
"R119",1,1
"R1008",1,1
"R5725",0,2
"G3030",1,1
"G3635",1,1
"G3754",1,1
"R5321",0,2
"R5696",0,2
"R9836",0,2
"Y9816",0,
"U6974",0,2
"O5003",1,1
"Y9745",0,2
"Y3552",0,2
"R9877",0,2
"O4474",1,1
"R8966",1,1
"O4919",1,1
"Y3735",0,2
"Y2904",0,2
"R5700",0,2
"R5979",0,2
"P4693",0,2
"P4666",0,2
"G3550",1,1
"R9986",0,2
"R5994",0,2
"R50",1,1
"G3614",1,1
"R5242",0,2
"O4349",1,1
"U4915",0,2
"R493",1,1
"O4638",1,1
"O3720",1,1
"O4906",1,1
"U6921",0,2
"G3121",1,1
"Y9682",0,2
"R9504",0,2
"R9499",0,2
"R1156",1,1
"W3169",1,1
"R5080",0,2
"R9900",0,2
"Y3059",0,2
"R5972",0,2
"O4713",1,1
"G3068",1,1
"R9830",0,2
"R9556",0,2
"R9627",0,2
"P4735",0,2
"U6879",0,2
"R1111",1,1
"U6892",0,2
"O4328",1,1
"P4492",0,2
"O5096",1,1
"U6679",0,2
"O5245",1,1
"O5076",1,1
"O5108",1,1
